ages,male,female
0-4,0.0384,0.0345
5-9,0.0395,0.0355
10-14,0.0376,0.0341
15-19,0.0360,0.0336
20-24,0.0347,0.0333
25-29,0.0388,0.0382
30-34,0.0405,0.0412
35-39,0.0388,0.0399
40-44,0.0374,0.0371
45-49,0.0342,0.0340
50-54,0.0274,0.0291
55-59,0.0239,0.0271
60-64,0.0214,0.0250
65-69,0.0163,0.0202
70-74,0.00999,0.0138
75-79,0.00489,0.0081
80-84,0.00275,0.0056
85-89,0.00131,0.0037
90-94,0.00037,0.0016
95-99,0.00052,0.00043
100+,0.0000034,0.000064
